{"class_name": "Model", "config": {"name": "model_14", "layers": [{"name": "input_14", "class_name": "InputLayer", "config": {"batch_input_shape": [null, 144, 256, 3], "dtype": "float32", "sparse": false, "name": "input_14"}, "inbound_nodes": []}, {"name": "conv2d_273", "class_name": "Conv2D", "config": {"name": "conv2d_273", "trainable": true, "filters": 8, "kernel_size": [3, 3], "strides": [1, 1], "padding": "same", "data_format": "channels_last", "dilation_rate": [1, 1], "activation": "relu", "use_bias": true, "kernel_initializer": {"class_name": "VarianceScaling", "config": {"scale": 2.0, "mode": "fan_in", "distribution": "normal", "seed": null}}, "bias_initializer": {"class_name": "Zeros", "config": {}}, "kernel_regularizer": null, "bias_regularizer": null, "activity_regularizer": null, "kernel_constraint": null, "bias_constraint": null}, "inbound_nodes": [[["input_14", 0, 0, {}]]]}, {"name": "conv2d_274", "class_name": "Conv2D", "config": {"name": "conv2d_274", "trainable": true, "filters": 8, "kernel_size": [3, 3], "strides": [1, 1], "padding": "same", "data_format": "channels_last", "dilation_rate": [1, 1], "activation": "relu", "use_bias": true, "kernel_initializer": {"class_name": "VarianceScaling", "config": {"scale": 2.0, "mode": "fan_in", "distribution": "normal", "seed": null}}, "bias_initializer": {"class_name": "Zeros", "config": {}}, "kernel_regularizer": null, "bias_regularizer": null, "activity_regularizer": null, "kernel_constraint": null, "bias_constraint": null}, "inbound_nodes": [[["conv2d_273", 0, 0, {}]]]}, {"name": "max_pooling2d_45", "class_name": "MaxPooling2D", "config": {"name": "max_pooling2d_45", "trainable": true, "pool_size": [2, 2], "padding": "valid", "strides": [2, 2], "data_format": "channels_last"}, "inbound_nodes": [[["conv2d_274", 0, 0, {}]]]}, {"name": "conv2d_275", "class_name": "Conv2D", "config": {"name": "conv2d_275", "trainable": true, "filters": 16, "kernel_size": [3, 3], "strides": [1, 1], "padding": "same", "data_format": "channels_last", "dilation_rate": [1, 1], "activation": "relu", "use_bias": true, "kernel_initializer": {"class_name": "VarianceScaling", "config": {"scale": 2.0, "mode": "fan_in", "distribution": "normal", "seed": null}}, "bias_initializer": {"class_name": "Zeros", "config": {}}, "kernel_regularizer": null, "bias_regularizer": null, "activity_regularizer": null, "kernel_constraint": null, "bias_constraint": null}, "inbound_nodes": [[["max_pooling2d_45", 0, 0, {}]]]}, {"name": "conv2d_276", "class_name": "Conv2D", "config": {"name": "conv2d_276", "trainable": true, "filters": 16, "kernel_size": [3, 3], "strides": [1, 1], "padding": "same", "data_format": "channels_last", "dilation_rate": [1, 1], "activation": "relu", "use_bias": true, "kernel_initializer": {"class_name": "VarianceScaling", "config": {"scale": 2.0, "mode": "fan_in", "distribution": "normal", "seed": null}}, "bias_initializer": {"class_name": "Zeros", "config": {}}, "kernel_regularizer": null, "bias_regularizer": null, "activity_regularizer": null, "kernel_constraint": null, "bias_constraint": null}, "inbound_nodes": [[["conv2d_275", 0, 0, {}]]]}, {"name": "max_pooling2d_46", "class_name": "MaxPooling2D", "config": {"name": "max_pooling2d_46", "trainable": true, "pool_size": [2, 2], "padding": "valid", "strides": [2, 2], "data_format": "channels_last"}, "inbound_nodes": [[["conv2d_276", 0, 0, {}]]]}, {"name": "conv2d_277", "class_name": "Conv2D", "config": {"name": "conv2d_277", "trainable": true, "filters": 32, "kernel_size": [3, 3], "strides": [1, 1], "padding": "same", "data_format": "channels_last", "dilation_rate": [1, 1], "activation": "relu", "use_bias": true, "kernel_initializer": {"class_name": "VarianceScaling", "config": {"scale": 2.0, "mode": "fan_in", "distribution": "normal", "seed": null}}, "bias_initializer": {"class_name": "Zeros", "config": {}}, "kernel_regularizer": null, "bias_regularizer": null, "activity_regularizer": null, "kernel_constraint": null, "bias_constraint": null}, "inbound_nodes": [[["max_pooling2d_46", 0, 0, {}]]]}, {"name": "conv2d_278", "class_name": "Conv2D", "config": {"name": "conv2d_278", "trainable": true, "filters": 32, "kernel_size": [3, 3], "strides": [1, 1], "padding": "same", "data_format": "channels_last", "dilation_rate": [1, 1], "activation": "relu", "use_bias": true, "kernel_initializer": {"class_name": "VarianceScaling", "config": {"scale": 2.0, "mode": "fan_in", "distribution": "normal", "seed": null}}, "bias_initializer": {"class_name": "Zeros", "config": {}}, "kernel_regularizer": null, "bias_regularizer": null, "activity_regularizer": null, "kernel_constraint": null, "bias_constraint": null}, "inbound_nodes": [[["conv2d_277", 0, 0, {}]]]}, {"name": "max_pooling2d_47", "class_name": "MaxPooling2D", "config": {"name": "max_pooling2d_47", "trainable": true, "pool_size": [2, 2], "padding": "valid", "strides": [2, 2], "data_format": "channels_last"}, "inbound_nodes": [[["conv2d_278", 0, 0, {}]]]}, {"name": "conv2d_279", "class_name": "Conv2D", "config": {"name": "conv2d_279", "trainable": true, "filters": 64, "kernel_size": [3, 3], "strides": [1, 1], "padding": "same", "data_format": "channels_last", "dilation_rate": [1, 1], "activation": "relu", "use_bias": true, "kernel_initializer": {"class_name": "VarianceScaling", "config": {"scale": 2.0, "mode": "fan_in", "distribution": "normal", "seed": null}}, "bias_initializer": {"class_name": "Zeros", "config": {}}, "kernel_regularizer": null, "bias_regularizer": null, "activity_regularizer": null, "kernel_constraint": null, "bias_constraint": null}, "inbound_nodes": [[["max_pooling2d_47", 0, 0, {}]]]}, {"name": "conv2d_280", "class_name": "Conv2D", "config": {"name": "conv2d_280", "trainable": true, "filters": 64, "kernel_size": [3, 3], "strides": [1, 1], "padding": "same", "data_format": "channels_last", "dilation_rate": [1, 1], "activation": "relu", "use_bias": true, "kernel_initializer": {"class_name": "VarianceScaling", "config": {"scale": 2.0, "mode": "fan_in", "distribution": "normal", "seed": null}}, "bias_initializer": {"class_name": "Zeros", "config": {}}, "kernel_regularizer": null, "bias_regularizer": null, "activity_regularizer": null, "kernel_constraint": null, "bias_constraint": null}, "inbound_nodes": [[["conv2d_279", 0, 0, {}]]]}, {"name": "dropout_19", "class_name": "Dropout", "config": {"name": "dropout_19", "trainable": true, "rate": 0.5, "noise_shape": null, "seed": null}, "inbound_nodes": [[["conv2d_280", 0, 0, {}]]]}, {"name": "up_sampling2d_45", "class_name": "UpSampling2D", "config": {"name": "up_sampling2d_45", "trainable": true, "size": [2, 2], "data_format": "channels_last"}, "inbound_nodes": [[["dropout_19", 0, 0, {}]]]}, {"name": "conv2d_281", "class_name": "Conv2D", "config": {"name": "conv2d_281", "trainable": true, "filters": 32, "kernel_size": [2, 2], "strides": [1, 1], "padding": "same", "data_format": "channels_last", "dilation_rate": [1, 1], "activation": "relu", "use_bias": true, "kernel_initializer": {"class_name": "VarianceScaling", "config": {"scale": 2.0, "mode": "fan_in", "distribution": "normal", "seed": null}}, "bias_initializer": {"class_name": "Zeros", "config": {}}, "kernel_regularizer": null, "bias_regularizer": null, "activity_regularizer": null, "kernel_constraint": null, "bias_constraint": null}, "inbound_nodes": [[["up_sampling2d_45", 0, 0, {}]]]}, {"name": "concatenate_45", "class_name": "Concatenate", "config": {"name": "concatenate_45", "trainable": true, "axis": 3}, "inbound_nodes": [[["conv2d_278", 0, 0, {}], ["conv2d_281", 0, 0, {}]]]}, {"name": "conv2d_282", "class_name": "Conv2D", "config": {"name": "conv2d_282", "trainable": true, "filters": 32, "kernel_size": [3, 3], "strides": [1, 1], "padding": "same", "data_format": "channels_last", "dilation_rate": [1, 1], "activation": "relu", "use_bias": true, "kernel_initializer": {"class_name": "VarianceScaling", "config": {"scale": 2.0, "mode": "fan_in", "distribution": "normal", "seed": null}}, "bias_initializer": {"class_name": "Zeros", "config": {}}, "kernel_regularizer": null, "bias_regularizer": null, "activity_regularizer": null, "kernel_constraint": null, "bias_constraint": null}, "inbound_nodes": [[["concatenate_45", 0, 0, {}]]]}, {"name": "conv2d_283", "class_name": "Conv2D", "config": {"name": "conv2d_283", "trainable": true, "filters": 32, "kernel_size": [3, 3], "strides": [1, 1], "padding": "same", "data_format": "channels_last", "dilation_rate": [1, 1], "activation": "relu", "use_bias": true, "kernel_initializer": {"class_name": "VarianceScaling", "config": {"scale": 2.0, "mode": "fan_in", "distribution": "normal", "seed": null}}, "bias_initializer": {"class_name": "Zeros", "config": {}}, "kernel_regularizer": null, "bias_regularizer": null, "activity_regularizer": null, "kernel_constraint": null, "bias_constraint": null}, "inbound_nodes": [[["conv2d_282", 0, 0, {}]]]}, {"name": "up_sampling2d_46", "class_name": "UpSampling2D", "config": {"name": "up_sampling2d_46", "trainable": true, "size": [2, 2], "data_format": "channels_last"}, "inbound_nodes": [[["conv2d_283", 0, 0, {}]]]}, {"name": "conv2d_284", "class_name": "Conv2D", "config": {"name": "conv2d_284", "trainable": true, "filters": 16, "kernel_size": [2, 2], "strides": [1, 1], "padding": "same", "data_format": "channels_last", "dilation_rate": [1, 1], "activation": "relu", "use_bias": true, "kernel_initializer": {"class_name": "VarianceScaling", "config": {"scale": 2.0, "mode": "fan_in", "distribution": "normal", "seed": null}}, "bias_initializer": {"class_name": "Zeros", "config": {}}, "kernel_regularizer": null, "bias_regularizer": null, "activity_regularizer": null, "kernel_constraint": null, "bias_constraint": null}, "inbound_nodes": [[["up_sampling2d_46", 0, 0, {}]]]}, {"name": "concatenate_46", "class_name": "Concatenate", "config": {"name": "concatenate_46", "trainable": true, "axis": 3}, "inbound_nodes": [[["conv2d_276", 0, 0, {}], ["conv2d_284", 0, 0, {}]]]}, {"name": "conv2d_285", "class_name": "Conv2D", "config": {"name": "conv2d_285", "trainable": true, "filters": 16, "kernel_size": [3, 3], "strides": [1, 1], "padding": "same", "data_format": "channels_last", "dilation_rate": [1, 1], "activation": "relu", "use_bias": true, "kernel_initializer": {"class_name": "VarianceScaling", "config": {"scale": 2.0, "mode": "fan_in", "distribution": "normal", "seed": null}}, "bias_initializer": {"class_name": "Zeros", "config": {}}, "kernel_regularizer": null, "bias_regularizer": null, "activity_regularizer": null, "kernel_constraint": null, "bias_constraint": null}, "inbound_nodes": [[["concatenate_46", 0, 0, {}]]]}, {"name": "conv2d_286", "class_name": "Conv2D", "config": {"name": "conv2d_286", "trainable": true, "filters": 16, "kernel_size": [3, 3], "strides": [1, 1], "padding": "same", "data_format": "channels_last", "dilation_rate": [1, 1], "activation": "relu", "use_bias": true, "kernel_initializer": {"class_name": "VarianceScaling", "config": {"scale": 2.0, "mode": "fan_in", "distribution": "normal", "seed": null}}, "bias_initializer": {"class_name": "Zeros", "config": {}}, "kernel_regularizer": null, "bias_regularizer": null, "activity_regularizer": null, "kernel_constraint": null, "bias_constraint": null}, "inbound_nodes": [[["conv2d_285", 0, 0, {}]]]}, {"name": "up_sampling2d_47", "class_name": "UpSampling2D", "config": {"name": "up_sampling2d_47", "trainable": true, "size": [2, 2], "data_format": "channels_last"}, "inbound_nodes": [[["conv2d_286", 0, 0, {}]]]}, {"name": "conv2d_287", "class_name": "Conv2D", "config": {"name": "conv2d_287", "trainable": true, "filters": 8, "kernel_size": [2, 2], "strides": [1, 1], "padding": "same", "data_format": "channels_last", "dilation_rate": [1, 1], "activation": "relu", "use_bias": true, "kernel_initializer": {"class_name": "VarianceScaling", "config": {"scale": 2.0, "mode": "fan_in", "distribution": "normal", "seed": null}}, "bias_initializer": {"class_name": "Zeros", "config": {}}, "kernel_regularizer": null, "bias_regularizer": null, "activity_regularizer": null, "kernel_constraint": null, "bias_constraint": null}, "inbound_nodes": [[["up_sampling2d_47", 0, 0, {}]]]}, {"name": "concatenate_47", "class_name": "Concatenate", "config": {"name": "concatenate_47", "trainable": true, "axis": 3}, "inbound_nodes": [[["conv2d_274", 0, 0, {}], ["conv2d_287", 0, 0, {}]]]}, {"name": "conv2d_288", "class_name": "Conv2D", "config": {"name": "conv2d_288", "trainable": true, "filters": 8, "kernel_size": [3, 3], "strides": [1, 1], "padding": "same", "data_format": "channels_last", "dilation_rate": [1, 1], "activation": "relu", "use_bias": true, "kernel_initializer": {"class_name": "VarianceScaling", "config": {"scale": 2.0, "mode": "fan_in", "distribution": "normal", "seed": null}}, "bias_initializer": {"class_name": "Zeros", "config": {}}, "kernel_regularizer": null, "bias_regularizer": null, "activity_regularizer": null, "kernel_constraint": null, "bias_constraint": null}, "inbound_nodes": [[["concatenate_47", 0, 0, {}]]]}, {"name": "conv2d_289", "class_name": "Conv2D", "config": {"name": "conv2d_289", "trainable": true, "filters": 8, "kernel_size": [3, 3], "strides": [1, 1], "padding": "same", "data_format": "channels_last", "dilation_rate": [1, 1], "activation": "relu", "use_bias": true, "kernel_initializer": {"class_name": "VarianceScaling", "config": {"scale": 2.0, "mode": "fan_in", "distribution": "normal", "seed": null}}, "bias_initializer": {"class_name": "Zeros", "config": {}}, "kernel_regularizer": null, "bias_regularizer": null, "activity_regularizer": null, "kernel_constraint": null, "bias_constraint": null}, "inbound_nodes": [[["conv2d_288", 0, 0, {}]]]}, {"name": "conv2d_290", "class_name": "Conv2D", "config": {"name": "conv2d_290", "trainable": true, "filters": 2, "kernel_size": [3, 3], "strides": [1, 1], "padding": "same", "data_format": "channels_last", "dilation_rate": [1, 1], "activation": "relu", "use_bias": true, "kernel_initializer": {"class_name": "VarianceScaling", "config": {"scale": 2.0, "mode": "fan_in", "distribution": "normal", "seed": null}}, "bias_initializer": {"class_name": "Zeros", "config": {}}, "kernel_regularizer": null, "bias_regularizer": null, "activity_regularizer": null, "kernel_constraint": null, "bias_constraint": null}, "inbound_nodes": [[["conv2d_289", 0, 0, {}]]]}, {"name": "conv2d_291", "class_name": "Conv2D", "config": {"name": "conv2d_291", "trainable": true, "filters": 1, "kernel_size": [1, 1], "strides": [1, 1], "padding": "valid", "data_format": "channels_last", "dilation_rate": [1, 1], "activation": "sigmoid", "use_bias": true, "kernel_initializer": {"class_name": "VarianceScaling", "config": {"scale": 1.0, "mode": "fan_avg", "distribution": "uniform", "seed": null}}, "bias_initializer": {"class_name": "Zeros", "config": {}}, "kernel_regularizer": null, "bias_regularizer": null, "activity_regularizer": null, "kernel_constraint": null, "bias_constraint": null}, "inbound_nodes": [[["conv2d_290", 0, 0, {}]]]}], "input_layers": [["input_14", 0, 0]], "output_layers": [["conv2d_291", 0, 0]]}, "keras_version": "2.1.6", "backend": "tensorflow"}